[
  {
    "id": "4bea2b8b-42e3-4dc6-aa70-95d969e5ce43",
    "data": [
      {
        "text": "lowcost",
        "userDefined": false
      }
    ],
    "isTemplate": false,
    "count": 0,
    "updated": 0
  },
  {
    "id": "88b0bbd3-7b4a-44b8-b618-6f4b1d45f81a",
    "data": [
      {
        "text": "hi book hotel for ",
        "userDefined": false
      },
      {
        "text": "4",
        "alias": "quantity",
        "meta": "@sys.number",
        "userDefined": false
      },
      {
        "text": " people my name is ",
        "userDefined": false
      },
      {
        "text": "sonia",
        "alias": "name",
        "meta": "@sys.given-name",
        "userDefined": false
      },
      {
        "text": " and my email is ",
        "userDefined": false
      },
      {
        "text": "sonia@gmail.com",
        "alias": "email",
        "meta": "@sys.email",
        "userDefined": false
      }
    ],
    "isTemplate": false,
    "count": 0,
    "updated": 0
  },
  {
    "id": "515a9b70-93a8-45ab-b551-872638123704",
    "data": [
      {
        "text": "lowcost",
        "alias": "roomtype",
        "userDefined": false
      }
    ],
    "isTemplate": false,
    "count": 0,
    "updated": 0
  },
  {
    "id": "d3f93bc1-0d9b-4573-89e4-3a550e0f8fd7",
    "data": [
      {
        "text": "i want ",
        "userDefined": false
      },
      {
        "text": "cheap",
        "alias": "roomType",
        "meta": "@room-type",
        "userDefined": false
      },
      {
        "text": " room for 2 persons",
        "userDefined": false
      }
    ],
    "isTemplate": false,
    "count": 0,
    "updated": 0
  },
  {
    "id": "1b377fdb-92b7-4b2a-8e7d-0b65fd684691",
    "data": [
      {
        "text": "book ",
        "userDefined": false
      },
      {
        "text": "vip",
        "alias": "roomType",
        "meta": "@room-type",
        "userDefined": false
      },
      {
        "text": " room for ",
        "userDefined": false
      },
      {
        "text": "3",
        "alias": "quantity",
        "meta": "@sys.number",
        "userDefined": false
      },
      {
        "text": " persons",
        "userDefined": false
      }
    ],
    "isTemplate": false,
    "count": 0,
    "updated": 0
  },
  {
    "id": "0d60ac6c-4850-48ea-8bb9-bac5d6baf896",
    "data": [
      {
        "text": "i want ",
        "userDefined": false
      },
      {
        "text": "lowcost",
        "alias": "roomType",
        "meta": "@room-type",
        "userDefined": true
      },
      {
        "text": " room",
        "userDefined": false
      }
    ],
    "isTemplate": false,
    "count": 0,
    "updated": 0
  },
  {
    "id": "cc1a210a-9f39-4d4c-99c4-8df0389f39ca",
    "data": [
      {
        "text": "my email is ",
        "userDefined": false
      },
      {
        "text": "abc@gmail.com",
        "alias": "email",
        "meta": "@sys.email",
        "userDefined": true
      }
    ],
    "isTemplate": false,
    "count": 0,
    "updated": 0
  },
  {
    "id": "94273c65-1bee-4a7a-929f-b9743c58d6b6",
    "data": [
      {
        "text": "my name is ",
        "userDefined": false
      },
      {
        "text": "john",
        "alias": "name",
        "meta": "@sys.given-name",
        "userDefined": false
      },
      {
        "text": " we are ",
        "userDefined": false
      },
      {
        "text": "3",
        "alias": "quantity",
        "meta": "@sys.number",
        "userDefined": true
      },
      {
        "text": " person",
        "userDefined": false
      }
    ],
    "isTemplate": false,
    "count": 0,
    "updated": 0
  },
  {
    "id": "206d4ea4-86b5-4b9f-a507-d99414ced044",
    "data": [
      {
        "text": "we are ",
        "userDefined": false
      },
      {
        "text": "six",
        "alias": "quantity",
        "meta": "@sys.number",
        "userDefined": false
      },
      {
        "text": " persons",
        "userDefined": false
      }
    ],
    "isTemplate": false,
    "count": 0,
    "updated": 0
  },
  {
    "id": "636714dd-1513-406b-879f-6b708848fff4",
    "data": [
      {
        "text": "book hotel for ",
        "userDefined": false
      },
      {
        "text": "5",
        "alias": "quantity",
        "meta": "@sys.number",
        "userDefined": false
      },
      {
        "text": " persons",
        "userDefined": false
      }
    ],
    "isTemplate": false,
    "count": 0,
    "updated": 0
  },
  {
    "id": "bb4eb5e6-3245-463c-8af8-b907a13c5b1f",
    "data": [
      {
        "text": "hotel booking",
        "userDefined": false
      }
    ],
    "isTemplate": false,
    "count": 0,
    "updated": 0
  },
  {
    "id": "5d4585da-435d-498d-ad90-dcd302f90796",
    "data": [
      {
        "text": "book hotel",
        "userDefined": false
      }
    ],
    "isTemplate": false,
    "count": 0,
    "updated": 0
  },
  {
    "id": "ccf18a3f-6e78-438c-a148-04576d49160a",
    "data": [
      {
        "text": "i want to book hotel",
        "userDefined": false
      }
    ],
    "isTemplate": false,
    "count": 0,
    "updated": 0
  }
]