[
  {
    "id": "aff4d501-0d68-46d5-8871-2faac3b25994",
    "data": [
      {
        "text": "i have some problem",
        "userDefined": false
      }
    ],
    "isTemplate": false,
    "count": 0,
    "updated": 0
  },
  {
    "id": "123cddca-0e58-4072-9d70-013a9c6e2885",
    "data": [
      {
        "text": "your services is not good you need to improve your services",
        "alias": "feedback",
        "meta": "@sys.any",
        "userDefined": true
      }
    ],
    "isTemplate": false,
    "count": 0,
    "updated": 0
  },
  {
    "id": "be220dcc-9153-4aa3-9d1e-5e5206e4ad08",
    "data": [
      {
        "text": "feedback",
        "userDefined": false
      }
    ],
    "isTemplate": false,
    "count": 0,
    "updated": 0
  },
  {
    "id": "cb22db42-225f-4b17-a672-61ca297b3a02",
    "data": [
      {
        "text": "can i give ",
        "userDefined": false
      },
      {
        "text": "suggestion",
        "alias": "feedbackType",
        "meta": "@feedback-type",
        "userDefined": false
      }
    ],
    "isTemplate": false,
    "count": 0,
    "updated": 0
  },
  {
    "id": "64d6dcd3-af59-457e-a8a3-9ea4c6f00055",
    "data": [
      {
        "text": "i have an issue",
        "userDefined": false
      }
    ],
    "isTemplate": false,
    "count": 0,
    "updated": 0
  },
  {
    "id": "79b6e7df-fc12-4c90-9d2f-7c26f0282f12",
    "data": [
      {
        "text": "i want to ",
        "userDefined": false
      },
      {
        "text": "complaint",
        "alias": "feedbackType",
        "meta": "@feedback-type",
        "userDefined": false
      }
    ],
    "isTemplate": false,
    "count": 0,
    "updated": 0
  },
  {
    "id": "7c17c4f4-d01e-47fc-a051-a9f45ce5d1b5",
    "data": [
      {
        "text": "complain",
        "alias": "feedbackType",
        "meta": "@feedback-type",
        "userDefined": false
      }
    ],
    "isTemplate": false,
    "count": 0,
    "updated": 0
  }
]