[
  {
    "id": "47deb9dd-b822-45ef-9c33-8f5da8c80ef7",
    "data": [
      {
        "text": "yes",
        "userDefined": false
      }
    ],
    "isTemplate": false,
    "count": 1,
    "updated": 0
  },
  {
    "id": "dbe2f5f4-9b19-4d90-a86e-6e53821cb62b",
    "data": [
      {
        "text": "complaint",
        "alias": "feedbacktype",
        "userDefined": false
      }
    ],
    "isTemplate": false,
    "count": 1,
    "updated": 0
  },
  {
    "id": "f63ca8fb-1d36-43c0-a28e-c425e94a71f9",
    "data": [
      {
        "text": "i want to ",
        "userDefined": false
      },
      {
        "text": "complaint",
        "alias": "feedbackType",
        "meta": "@feedback-type",
        "userDefined": true
      }
    ],
    "isTemplate": false,
    "count": 0,
    "updated": 0
  },
  {
    "id": "e2d5f8c9-a5e7-4836-af8b-00e443c6076d",
    "data": [
      {
        "text": "can i give ",
        "userDefined": false
      },
      {
        "text": "suggestion",
        "alias": "feedbackType",
        "meta": "@feedback-type",
        "userDefined": true
      },
      {
        "text": " ?",
        "userDefined": false
      }
    ],
    "isTemplate": false,
    "count": 0,
    "updated": 0
  },
  {
    "id": "c4f9100d-9e52-4062-a712-099d898444e9",
    "data": [
      {
        "text": "your services is not good you need to improve your services",
        "alias": "feedback",
        "meta": "@sys.any",
        "userDefined": true
      }
    ],
    "isTemplate": false,
    "count": 0,
    "updated": 0
  },
  {
    "id": "6ca4585c-0b89-4b19-9695-98ecd75c00f1",
    "data": [
      {
        "text": "suggestion",
        "alias": "feedbackType",
        "meta": "@feedback-type",
        "userDefined": false
      }
    ],
    "isTemplate": false,
    "count": 0,
    "updated": 0
  },
  {
    "id": "8feaa6b5-e940-4b95-ace8-0908ae2be99b",
    "data": [
      {
        "text": "complaint",
        "alias": "feedbackType",
        "meta": "@feedback-type",
        "userDefined": false
      }
    ],
    "isTemplate": false,
    "count": 0,
    "updated": 0
  },
  {
    "id": "2857a304-6c2e-48c1-8ba1-1a67a5beb44d",
    "data": [
      {
        "text": "complain",
        "alias": "feedbackType",
        "meta": "@feedback-type",
        "userDefined": false
      }
    ],
    "isTemplate": false,
    "count": 0,
    "updated": 0
  },
  {
    "id": "c25ddf12-b142-4b6d-a368-029857e6c7ab",
    "data": [
      {
        "text": "okay I will",
        "userDefined": false
      }
    ],
    "isTemplate": false,
    "count": 2,
    "updated": 0
  },
  {
    "id": "0cf28638-f3e5-4134-a56a-19e0691de097",
    "data": [
      {
        "text": "why not",
        "userDefined": false
      }
    ],
    "isTemplate": false,
    "count": 0,
    "updated": 0
  },
  {
    "id": "c76ddb62-63b1-4483-81e4-5901d752ae2b",
    "data": [
      {
        "text": "yes that\u0027s alright",
        "userDefined": false
      }
    ],
    "isTemplate": false,
    "count": 0,
    "updated": 0
  },
  {
    "id": "491fbf50-c567-48f3-af99-22104c4cad33",
    "data": [
      {
        "text": "yes I do",
        "userDefined": false
      }
    ],
    "isTemplate": false,
    "count": 0,
    "updated": 0
  },
  {
    "id": "c1d634ae-3fe2-47b3-909a-3a710cf6620a",
    "data": [
      {
        "text": "exactly",
        "userDefined": false
      }
    ],
    "isTemplate": false,
    "count": 1,
    "updated": 0
  },
  {
    "id": "4fa9b5cd-f5f6-4db8-bf2e-adff947aca9f",
    "data": [
      {
        "text": "of course",
        "userDefined": false
      }
    ],
    "isTemplate": false,
    "count": 0,
    "updated": 0
  },
  {
    "id": "f9fd42b0-ca25-4fe2-8391-b3fdafce2f99",
    "data": [
      {
        "text": "yep that\u0027s ok",
        "userDefined": false
      }
    ],
    "isTemplate": false,
    "count": 0,
    "updated": 0
  },
  {
    "id": "f6d1c1d1-5266-478c-baba-2d382fbea84e",
    "data": [
      {
        "text": "okay",
        "userDefined": false
      }
    ],
    "isTemplate": false,
    "count": 1,
    "updated": 0
  },
  {
    "id": "833bf497-f12f-4ff9-b302-36077bc494f6",
    "data": [
      {
        "text": "ok",
        "userDefined": false
      }
    ],
    "isTemplate": false,
    "count": 1,
    "updated": 0
  },
  {
    "id": "24782404-87ed-4446-81ca-ed23bf6cfe52",
    "data": [
      {
        "text": "for sure",
        "userDefined": false
      }
    ],
    "isTemplate": false,
    "count": 0,
    "updated": 0
  },
  {
    "id": "6e964e35-44bc-424c-b324-0e7adc0ca9b5",
    "data": [
      {
        "text": "sg",
        "userDefined": false
      }
    ],
    "isTemplate": false,
    "count": 0,
    "updated": 0
  },
  {
    "id": "fc36743f-abd5-4efd-b414-e6ff669bf40e",
    "data": [
      {
        "text": "yes that\u0027t ok",
        "userDefined": false
      }
    ],
    "isTemplate": false,
    "count": 0,
    "updated": 0
  },
  {
    "id": "b8e14df3-9b85-4015-b4dd-077c35d742b7",
    "data": [
      {
        "text": "I agree",
        "userDefined": false
      }
    ],
    "isTemplate": false,
    "count": 2,
    "updated": 0
  },
  {
    "id": "fd3d4ee0-51d7-49fb-b097-5020fa32a2e1",
    "data": [
      {
        "text": "yes you can do it",
        "userDefined": false
      }
    ],
    "isTemplate": false,
    "count": 0,
    "updated": 0
  },
  {
    "id": "517cb179-f1e5-49f6-b0d9-1276502342a6",
    "data": [
      {
        "text": "I don\u0027t mind",
        "userDefined": false
      }
    ],
    "isTemplate": false,
    "count": 3,
    "updated": 0
  },
  {
    "id": "d97a52ec-1f88-46c7-80a5-e8188c4b9aeb",
    "data": [
      {
        "text": "that one works",
        "userDefined": false
      }
    ],
    "isTemplate": false,
    "count": 0,
    "updated": 0
  },
  {
    "id": "cd1f33d0-bb4c-47c8-9af9-f6bedb53f2de",
    "data": [
      {
        "text": "that works",
        "userDefined": false
      }
    ],
    "isTemplate": false,
    "count": 0,
    "updated": 0
  },
  {
    "id": "235b9cd2-e2ac-46ef-96e2-704159d9dedc",
    "data": [
      {
        "text": "sure why not",
        "userDefined": false
      }
    ],
    "isTemplate": false,
    "count": 0,
    "updated": 0
  },
  {
    "id": "d6c2ec14-2cfa-4901-b844-e72b93c69426",
    "data": [
      {
        "text": "perfect",
        "userDefined": false
      }
    ],
    "isTemplate": false,
    "count": 0,
    "updated": 0
  },
  {
    "id": "31a53bec-8899-4f7f-b869-e526bd96a4e6",
    "data": [
      {
        "text": "yep that\u0027s right",
        "userDefined": false
      }
    ],
    "isTemplate": false,
    "count": 1,
    "updated": 0
  },
  {
    "id": "868633b3-fc5e-4daf-bcd7-5eb3d626a169",
    "data": [
      {
        "text": "I think so",
        "userDefined": false
      }
    ],
    "isTemplate": false,
    "count": 0,
    "updated": 0
  },
  {
    "id": "eb6c9eaa-0ada-478f-853b-ecaa9daffba6",
    "data": [
      {
        "text": "yes I agree",
        "userDefined": false
      }
    ],
    "isTemplate": false,
    "count": 1,
    "updated": 0
  },
  {
    "id": "167d0d92-9be0-4f87-84d7-8a5690eed7ae",
    "data": [
      {
        "text": "sure",
        "userDefined": false
      }
    ],
    "isTemplate": false,
    "count": 2,
    "updated": 0
  },
  {
    "id": "5b9d5caa-0dfb-4ec9-b873-cf85c66182dd",
    "data": [
      {
        "text": "sounds correct",
        "userDefined": false
      }
    ],
    "isTemplate": false,
    "count": 1,
    "updated": 0
  },
  {
    "id": "e71b4d53-b192-47af-81ba-7aec14f5fea7",
    "data": [
      {
        "text": "sounds good",
        "userDefined": false
      }
    ],
    "isTemplate": false,
    "count": 0,
    "updated": 0
  },
  {
    "id": "864f715d-96f2-4152-bf0a-75a9a3454f24",
    "data": [
      {
        "text": "that\u0027s correct",
        "userDefined": false
      }
    ],
    "isTemplate": false,
    "count": 0,
    "updated": 0
  },
  {
    "id": "a7320050-0769-4b33-a075-9fae8f9faa9e",
    "data": [
      {
        "text": "go ahead",
        "userDefined": false
      }
    ],
    "isTemplate": false,
    "count": 1,
    "updated": 0
  },
  {
    "id": "650f657e-188e-40d2-b827-6179e70097af",
    "data": [
      {
        "text": "do it",
        "userDefined": false
      }
    ],
    "isTemplate": false,
    "count": 1,
    "updated": 0
  },
  {
    "id": "ea1b2ce0-0032-4c93-9427-01b205941388",
    "data": [
      {
        "text": "it\u0027s fine",
        "userDefined": false
      }
    ],
    "isTemplate": false,
    "count": 0,
    "updated": 0
  },
  {
    "id": "5d8d8b93-4dc7-4ed5-b4a5-1709755c56f0",
    "data": [
      {
        "text": "yeah",
        "userDefined": false
      }
    ],
    "isTemplate": false,
    "count": 0,
    "updated": 0
  },
  {
    "id": "ff7f46b8-08d0-4743-b968-526bdd9fe1d4",
    "data": [
      {
        "text": "yes please",
        "userDefined": false
      }
    ],
    "isTemplate": false,
    "count": 0,
    "updated": 0
  },
  {
    "id": "91418661-d890-4bc7-a25f-cfe431a52ec3",
    "data": [
      {
        "text": "it\u0027s okay",
        "userDefined": false
      }
    ],
    "isTemplate": false,
    "count": 0,
    "updated": 0
  },
  {
    "id": "8d548197-2cc7-43c1-a45f-76c8c346b8ad",
    "data": [
      {
        "text": "alright why not",
        "userDefined": false
      }
    ],
    "isTemplate": false,
    "count": 0,
    "updated": 0
  },
  {
    "id": "1c61d037-c138-48fe-b67d-3b7076d33a44",
    "data": [
      {
        "text": "alright",
        "userDefined": false
      }
    ],
    "isTemplate": false,
    "count": 0,
    "updated": 0
  },
  {
    "id": "a1efbdc7-f061-46b3-943c-1eb1c640963a",
    "data": [
      {
        "text": "right",
        "userDefined": false
      }
    ],
    "isTemplate": false,
    "count": 0,
    "updated": 0
  },
  {
    "id": "42ec9651-562c-4aa6-8c76-0c96f76eecdf",
    "data": [
      {
        "text": "it looks perfect",
        "userDefined": false
      }
    ],
    "isTemplate": false,
    "count": 0,
    "updated": 0
  },
  {
    "id": "016811ce-0228-45c1-b558-939f37dca048",
    "data": [
      {
        "text": "yes I can",
        "userDefined": false
      }
    ],
    "isTemplate": false,
    "count": 0,
    "updated": 0
  },
  {
    "id": "4ac8f17c-5c3e-4c35-908b-8f3e9cddb930",
    "data": [
      {
        "text": "yup",
        "userDefined": false
      }
    ],
    "isTemplate": false,
    "count": 0,
    "updated": 0
  },
  {
    "id": "be472dba-3201-4e42-bd0b-357351cb33e7",
    "data": [
      {
        "text": "yep",
        "userDefined": false
      }
    ],
    "isTemplate": false,
    "count": 0,
    "updated": 0
  },
  {
    "id": "a24803ad-7f62-4a0b-9850-d280148e2cba",
    "data": [
      {
        "text": "confirm",
        "userDefined": false
      }
    ],
    "isTemplate": false,
    "count": 1,
    "updated": 0
  },
  {
    "id": "f7333549-fcf7-4476-bbeb-afa7a98fdba6",
    "data": [
      {
        "text": "absolutely",
        "userDefined": false
      }
    ],
    "isTemplate": false,
    "count": 1,
    "updated": 0
  }
]